 'name': 'Brooke White', 'email': 'danielhamilton@example.net', 'phone_number': '001-570-265-7546', 'garbage_data': 'Room down card kid work project campaign. Around reduce them thus far nice. Build matter sure experience.\nCommunity guy space city. Memory event base I almost trade. Treatment word fish road.', 'empty_field_1': '', 'empty_field_2': '', 'random_place_name': 'Beckerburgh'}
 'name': 'Johnny Garcia', 'email': 'vanessa92@example.net', 'phone_number': '406-310-8486x71949', 'garbage_data': 'Democratic open up guess. Tend affect nor him store. Final or what prepare success my.\nGreen might down know involve consider. Bad happen nor political population. Bank ask admit tonight.', 'empty_field_1': '', 'empty_field_2': '', 'random_place_name': 'Richbury'}
 'name': 'Brandon Perez', 'email': 'qwise@example.org', 'phone_number': '001-541-476-4453x65039', 'garbage_data': 'Career music up so identify positive fund. Expect charge power rise until recent catch.', 'empty_field_1': '', 'empty_field_2': '', 'random_place_name': None}
 'name': 'Dr. Kimberly Lopez MD', 'email': 'dana38@example.org', 'phone_number': '422.944.6465', 'garbage_data': None, 'empty_field_1': '', 'empty_field_2': '', 'random_place_name': None}
 'name': 'Kevin Watts', 'email': 'lramirez@example.org', 'phone_number': '348.388.1444x2346', 'garbage_data': None, 'empty_field_1': '', 'empty_field_2': '', 'random_place_name': None}
 'name': 'Virginia Anderson', 'email': 'hmay@example.com', 'phone_number': '970.910.1079', 'garbage_data': None, 'empty_field_1': '', 'empty_field_2': '', 'random_place_name': 'Alanmouth'}
 'name': 'Whitney Reyes', 'email': 'johnsonamanda@example.org', 'phone_number': '+1-549-216-0995x917', 'garbage_data': 'Security spring ball gas television follow. Name sell same each.\nLetter treat yeah first experience would spend. Billion must pay collection where star. All run something treat seek his man.', 'empty_field_1': '', 'empty_field_2': '', 'random_place_name': None}
 'name': 'Michael Smith', 'email': 'richmondsteven@example.com', 'phone_number': '(731)498-5717', 'garbage_data': None, 'empty_field_1': '', 'empty_field_2': '', 'random_place_name': 'North Michele'}
 'name': 'Felicia Olsen', 'email': 'timothy96@example.net', 'phone_number': '(575)401-3955x64360', 'garbage_data': 'General energy cup only former. Write involve student agent really.', 'empty_field_1': '', 'empty_field_2': '', 'random_place_name': 'East Janicehaven'}
 'name': 'Ryan Marshall', 'email': 'zoehuffman@example.net', 'phone_number': '(698)818-8220', 'garbage_data': None, 'empty_field_1': '', 'empty_field_2': '', 'random_place_name': None}
 'name': 'Jeffrey Martin', 'email': 'kimberly09@example.net', 'phone_number': '001-878-643-5517x5751', 'garbage_data': None, 'empty_field_1': '', 'empty_field_2': '', 'random_place_name': None}
 'name': 'Kathryn Williams', 'email': 'jamesbryan@example.com', 'phone_number': '714-781-2525x53065', 'garbage_data': 'Lay item cost argue something eight social. None cut then bank mind herself send.\nAdmit recent issue impact statement sit campaign. Message plan vote.', 'empty_field_1': '', 'empty_field_2': '', 'random_place_name': 'Cooleyberg'}
 'name': 'Richard Levy', 'email': 'ruth77@example.net', 'phone_number': '001-404-293-0696x343', 'garbage_data': 'Lead product member question culture. Charge war rule meet allow necessary window. Tough stop relationship.', 'empty_field_1': '', 'empty_field_2': '', 'random_place_name': 'North Veronica'}
 'name': 'Timothy Moses', 'email': 'patricia92@example.com', 'phone_number': '001-669-232-2415x39049', 'garbage_data': 'Later people several lose shake personal. Treat international candidate.', 'empty_field_1': '', 'empty_field_2': '', 'random_place_name': None}
 'name': 'Ashley Carrillo', 'email': 'donna31@example.com', 'phone_number': '373-770-8465', 'garbage_data': 'Determine artist toward from life eight reach where. Fly would guess experience poor be. Prove suddenly military former.', 'empty_field_1': '', 'empty_field_2': '', 'random_place_name': None}
 'name': 'Elizabeth Clark', 'email': 'martinthomas@example.org', 'phone_number': '+1-706-744-5766x047', 'garbage_data': None, 'empty_field_1': '', 'empty_field_2': '', 'random_place_name': None}
 'name': 'Anthony Lee', 'email': 'phillip57@example.org', 'phone_number': '832.628.3435x629', 'garbage_data': None, 'empty_field_1': '', 'empty_field_2': '', 'random_place_name': 'Portermouth'}
 'name': 'Christopher Johns', 'email': 'wfaulkner@example.org', 'phone_number': '(868)689-3478x863', 'garbage_data': None, 'empty_field_1': '', 'empty_field_2': '', 'random_place_name': 'Sheltonstad'}
 'name': 'Stephen Mitchell', 'email': 'briancooper@example.net', 'phone_number': '404-829-6130x7969', 'garbage_data': 'Modern consumer easy air school. Already remember finally suddenly little. Present agency old night next.', 'empty_field_1': '', 'empty_field_2': '', 'random_place_name': None}
 'name': 'James Hoover', 'email': 'wgonzales@example.org', 'phone_number': '684.723.5195', 'garbage_data': 'Appear dream arrive lot station morning well. Discuss consider final night carry light. Not consumer friend skill owner.', 'empty_field_1': '', 'empty_field_2': '', 'random_place_name': None}
 'name': 'David Lopez', 'email': 'xtorres@example.org', 'phone_number': '9978128153', 'garbage_data': None, 'empty_field_1': '', 'empty_field_2': '', 'random_place_name': None}
 'name': 'Gary Shaw', 'email': 'kathryn26@example.net', 'phone_number': '4976248335', 'garbage_data': 'Hold gas memory. Price car college among.\nAfter note radio most hotel low want. Forward knowledge operation writer. Better often easy hard bank office.', 'empty_field_1': '', 'empty_field_2': '', 'random_place_name': 'Leonmouth'}
 'name': 'Heather Lee', 'email': 'jefframirez@example.org', 'phone_number': '936-499-7098x9246', 'garbage_data': 'Fine today wear more election bill involve yard. Successful one professor.\nConference rule computer Mrs any form some. Tend church arrive anything whether same begin.', 'empty_field_1': '', 'empty_field_2': '', 'random_place_name': None}
 'name': 'Wendy Turner', 'email': 'andrew75@example.com', 'phone_number': '001-475-877-6644x45366', 'garbage_data': 'Professional site real very. Really guy contain. West exist charge once to beyond.\nLate because your common no.', 'empty_field_1': '', 'empty_field_2': '', 'random_place_name': None}
 'name': 'Jennifer Robinson', 'email': 'heatherthomas@example.com', 'phone_number': '(582)655-1879', 'garbage_data': 'Deep land author state evidence. Among exactly wrong fast heart. Whose own happy him. Include democratic conference issue spend.', 'empty_field_1': '', 'empty_field_2': '', 'random_place_name': None}
 'name': 'Valerie Kirk', 'email': 'troyjohnson@example.org', 'phone_number': '830-798-1915x6981', 'garbage_data': 'Never degree official argue leg strategy majority. Fly where tend husband admit far push family. Hope enjoy drop investment skin book have.\nMy wife two player such skill.', 'empty_field_1': '', 'empty_field_2': '', 'random_place_name': 'West Lisaton'}
 'name': 'Olivia Morales', 'email': 'davisjennifer@example.org', 'phone_number': '799.811.9588x249', 'garbage_data': 'School new buy it economic. Game individual sure heart.\nTheir close may agree nation administration pretty budget. Government share set fine left ever.', 'empty_field_1': '', 'empty_field_2': '', 'random_place_name': None}
 'name': 'Sandra Boyer', 'email': 'garciasonya@example.com', 'phone_number': '390-317-3085', 'garbage_data': None, 'empty_field_1': '', 'empty_field_2': '', 'random_place_name': None}
 'name': 'Laurie Blanchard', 'email': 'bethfitzgerald@example.org', 'phone_number': '001-545-503-5647', 'garbage_data': None, 'empty_field_1': '', 'empty_field_2': '', 'random_place_name': None}
 'name': 'Robert Powell', 'email': 'elizabeth34@example.net', 'phone_number': '(818)962-4441', 'garbage_data': 'Dream indeed seat imagine. Result rich about building behavior four back. Read attention role write finish effort response.\nTrip character form tend traditional popular.', 'empty_field_1': '', 'empty_field_2': '', 'random_place_name': 'Lake Craigfort'}
 'name': 'Krista Gardner', 'email': 'kim94@example.org', 'phone_number': '961-812-6189', 'garbage_data': 'Wonder something conference success exist win big. Big poor their something.\nDesign science camera report store under.', 'empty_field_1': '', 'empty_field_2': '', 'random_place_name': None}
 'name': 'Timothy Myers', 'email': 'charlesgibson@example.com', 'phone_number': '001-985-401-0747x619', 'garbage_data': None, 'empty_field_1': '', 'empty_field_2': '', 'random_place_name': 'Gordonbury'}
 'name': 'Wayne Cohen', 'email': 'eparrish@example.org', 'phone_number': '557.448.4578', 'garbage_data': None, 'empty_field_1': '', 'empty_field_2': '', 'random_place_name': None}
 'name': 'Amber Rosales', 'email': 'bstevens@example.com', 'phone_number': '220-538-6484x124', 'garbage_data': 'Impact kid floor top current there bit. Position car stage near too glass vote big. Newspaper try perform your successful cover.', 'empty_field_1': '', 'empty_field_2': '', 'random_place_name': 'West Nicoleborough'}
 'name': 'Gregory Clayton', 'email': 'xrangel@example.org', 'phone_number': '466.797.8889x546', 'garbage_data': 'Program carry sister subject effort west. Skill oil officer say very energy toward.\nParticular rate production carry politics while and view. Magazine thus practice if fear professional structure.', 'empty_field_1': '', 'empty_field_2': '', 'random_place_name': 'Karenview'}
 'name': 'Daniel Martinez', 'email': 'mcarpenter@example.net', 'phone_number': '(733)445-4918x10259', 'garbage_data': None, 'empty_field_1': '', 'empty_field_2': '', 'random_place_name': 'Wareview'}
 'name': 'Timothy Miller', 'email': 'jenniferhunt@example.net', 'phone_number': '+1-405-200-5532', 'garbage_data': 'Course member window attack benefit quite accept. Learn clear perhaps reason treat.', 'empty_field_1': '', 'empty_field_2': '', 'random_place_name': 'Carterview'}
 'name': 'Ricardo Bowman', 'email': 'travislopez@example.com', 'phone_number': '(616)758-6867x439', 'garbage_data': 'Music understand woman. Study water early main though real.\nBook develop item stay responsibility human. Many animal art majority.', 'empty_field_1': '', 'empty_field_2': '', 'random_place_name': None}
 'name': 'Karen Hubbard', 'email': 'samantha78@example.com', 'phone_number': '761-416-8599x152', 'garbage_data': 'Instead option woman thought security bill north. They successful quality fact usually amount. Whom Republican other never.', 'empty_field_1': '', 'empty_field_2': '', 'random_place_name': 'Davischester'}
 'name': 'Steven Walters', 'email': 'robertirwin@example.org', 'phone_number': '6193168523', 'garbage_data': 'Not so state stop ahead play respond. During himself line hope amount. Music position Mrs own.\nLeft analysis factor value base herself reveal. Sport marriage first.', 'empty_field_1': '', 'empty_field_2': '', 'random_place_name': None}
 'name': 'Michael Hunt', 'email': 'powellhoward@example.org', 'phone_number': '659.619.8266x7805', 'garbage_data': None, 'empty_field_1': '', 'empty_field_2': '', 'random_place_name': 'West Bryan'}
 'name': 'Charles Martin', 'email': 'rodriguezkevin@example.com', 'phone_number': '550.567.9095x595', 'garbage_data': 'Store write because return quite mother air. Character which big. Dog energy nice crime think.\nInternational must rule. Government last Mrs. Better two admit investment staff short service piece.', 'empty_field_1': '', 'empty_field_2': '', 'random_place_name': 'West Robertstad'}
 'name': 'Andrew Stephens', 'email': 'ipeterson@example.com', 'phone_number': '001-269-793-7343x87871', 'garbage_data': None, 'empty_field_1': '', 'empty_field_2': '', 'random_place_name': 'East Michael'}
 'name': 'Amanda Franco', 'email': 'ashley35@example.org', 'phone_number': '(711)328-6308x2380', 'garbage_data': None, 'empty_field_1': '', 'empty_field_2': '', 'random_place_name': None}
 'name': 'Bradley Schmidt', 'email': 'laurenlucas@example.net', 'phone_number': '+1-595-385-5975x92679', 'garbage_data': 'Always recently ahead. Republican size although may. Religious show yet support summer.', 'empty_field_1': '', 'empty_field_2': '', 'random_place_name': 'Port Larry'}
 'name': 'Kerry Bond', 'email': 'stanleyjennifer@example.net', 'phone_number': '238-995-8106x7685', 'garbage_data': None, 'empty_field_1': '', 'empty_field_2': '', 'random_place_name': None}
 'name': 'Justin Miller', 'email': 'charlespeter@example.net', 'phone_number': '(311)841-8249x71898', 'garbage_data': None, 'empty_field_1': '', 'empty_field_2': '', 'random_place_name': None}
 'name': 'Kevin Norris', 'email': 'taylormatthew@example.org', 'phone_number': '3549523814', 'garbage_data': 'News simply thought government industry to. Identify matter important apply.', 'empty_field_1': '', 'empty_field_2': '', 'random_place_name': 'New Andreaport'}
 'name': 'Meghan Medina', 'email': 'rayjulie@example.net', 'phone_number': '(615)229-1768', 'garbage_data': 'Late go from Mr hear also. Section medical various.\nItem cup economy appear finally. Audience lose in weight music letter.', 'empty_field_1': '', 'empty_field_2': '', 'random_place_name': None}
 'name': 'Rebecca Davis', 'email': 'gregorybean@example.org', 'phone_number': '(575)308-2158', 'garbage_data': 'Hundred successful food option personal writer. Figure parent treat. Drug by new dog.', 'empty_field_1': '', 'empty_field_2': '', 'random_place_name': None}
 'name': 'Deborah Vasquez', 'email': 'cwhite@example.net', 'phone_number': '+1-931-610-3356x019', 'garbage_data': None, 'empty_field_1': '', 'empty_field_2': '', 'random_place_name': 'West Christophermouth'}
 'name': 'Amanda Hoffman', 'email': 'martin63@example.com', 'phone_number': '309.531.9155x65393', 'garbage_data': 'Onto rich claim head want. Identify think church pattern pull. Mission modern blue animal.', 'empty_field_1': '', 'empty_field_2': '', 'random_place_name': 'Maryview'}
 'name': 'Meagan Norris', 'email': 'amanda24@example.org', 'phone_number': '666.266.3631x67340', 'garbage_data': None, 'empty_field_1': '', 'empty_field_2': '', 'random_place_name': 'Tranmouth'}
 'name': 'Tyler Hamilton', 'email': 'tnixon@example.net', 'phone_number': '327.439.1210', 'garbage_data': 'Glass lay maybe apply. Congress scientist approach billion understand near Mr.\nStore hotel hear low spring. Myself quite serve usually adult. Keep successful position research scientist now.', 'empty_field_1': '', 'empty_field_2': '', 'random_place_name': 'Gonzalezfort'}
 'name': 'Renee Lara', 'email': 'maryjohnson@example.org', 'phone_number': '855-745-4307x420', 'garbage_data': None, 'empty_field_1': '', 'empty_field_2': '', 'random_place_name': 'Lake Philliptown'}
 'name': 'Megan Vance', 'email': 'ywashington@example.com', 'phone_number': '887-387-9992x24504', 'garbage_data': 'Thousand box win safe general either himself officer. Tell really fear would. Score where special position small action.\nStructure leave animal I choice. Whose act dog price.', 'empty_field_1': '', 'empty_field_2': '', 'random_place_name': 'Alexanderburgh'}
 'name': 'Kayla Reid', 'email': 'angelmay@example.org', 'phone_number': '373-848-0018', 'garbage_data': None, 'empty_field_1': '', 'empty_field_2': '', 'random_place_name': None}
 'name': 'Jessica Kent', 'email': 'spitts@example.com', 'phone_number': '8562212593', 'garbage_data': None, 'empty_field_1': '', 'empty_field_2': '', 'random_place_name': None}
 'name': 'Jacob Rogers Jr.', 'email': 'ghernandez@example.com', 'phone_number': '351-490-9001x6216', 'garbage_data': None, 'empty_field_1': '', 'empty_field_2': '', 'random_place_name': 'Nicholasborough'}
 'name': 'Linda Burns', 'email': 'andersonrandall@example.com', 'phone_number': '630-440-4518x8208', 'garbage_data': 'Book a month strategy cold personal total. Member somebody political.\nSoon painting action. Successful wear join lose position improve produce.\nShake food finally man perhaps smile case.', 'empty_field_1': '', 'empty_field_2': '', 'random_place_name': None}
 'name': 'Diana Price DVM', 'email': 'mryan@example.net', 'phone_number': '377.333.2855x01871', 'garbage_data': 'Point next million kind could sort behind agent. Against little sell indeed between region.', 'empty_field_1': '', 'empty_field_2': '', 'random_place_name': None}
 'name': 'David Carlson', 'email': 'sandralynn@example.org', 'phone_number': '8888806175', 'garbage_data': 'Low few event watch soon now allow himself. Discuss late mouth soldier fund which. Note hope offer suddenly against.\nJoin protect part response. Style let tell treatment should interview.', 'empty_field_1': '', 'empty_field_2': '', 'random_place_name': None}
 'name': 'Debra Donaldson', 'email': 'randyward@example.org', 'phone_number': '244.308.1681', 'garbage_data': 'Control degree practice. Represent thought market beautiful structure.\nBank throw plan organization degree worker. Stand picture which office hospital.', 'empty_field_1': '', 'empty_field_2': '', 'random_place_name': 'North Douglas'}
 'name': 'Katherine Martinez', 'email': 'carolynblack@example.com', 'phone_number': '585-480-8111x155', 'garbage_data': None, 'empty_field_1': '', 'empty_field_2': '', 'random_place_name': None}
 'name': 'Keith Boyle', 'email': 'camposkim@example.net', 'phone_number': '313-351-2664', 'garbage_data': None, 'empty_field_1': '', 'empty_field_2': '', 'random_place_name': None}
 'name': 'Robert Martinez', 'email': 'justin77@example.org', 'phone_number': '570.353.1605x089', 'garbage_data': None, 'empty_field_1': '', 'empty_field_2': '', 'random_place_name': None}
 'name': 'Michelle Daniels', 'email': 'pattonhector@example.com', 'phone_number': '(271)643-3701x02440', 'garbage_data': None, 'empty_field_1': '', 'empty_field_2': '', 'random_place_name': 'Brendanview'}
 'name': 'Thomas Thomas', 'email': 'smithmary@example.net', 'phone_number': '(571)271-3714x20751', 'garbage_data': 'Find speech event number cold civil rise. Pattern box mission many school laugh step player. American guess effect.\nLocal but option bit. Daughter eat voice prepare its popular blood.', 'empty_field_1': '', 'empty_field_2': '', 'random_place_name': None}
 'name': 'Amanda Williams', 'email': 'tracidunn@example.com', 'phone_number': '268-204-7784', 'garbage_data': 'Foreign teacher door blood play public. Traditional big character then.\nClear smile career human see. Well PM more.\nCourse experience ten. People approach find region yard once.', 'empty_field_1': '', 'empty_field_2': '', 'random_place_name': None}
 'name': 'Cameron Edwards', 'email': 'fbarrera@example.com', 'phone_number': '+1-814-840-3417x85588', 'garbage_data': None, 'empty_field_1': '', 'empty_field_2': '', 'random_place_name': 'Richardsbury'}
 'name': 'Nicholas Bentley', 'email': 'david93@example.com', 'phone_number': '001-211-781-7957', 'garbage_data': None, 'empty_field_1': '', 'empty_field_2': '', 'random_place_name': None}
 'name': 'Latoya Navarro', 'email': 'victoria29@example.org', 'phone_number': '(538)422-2389', 'garbage_data': 'Difficult nothing high call those. Happy grow fly moment practice majority tax.', 'empty_field_1': '', 'empty_field_2': '', 'random_place_name': 'West Matthew'}
 'name': 'Jessica Anderson', 'email': 'davishenry@example.com', 'phone_number': '+1-548-421-0952', 'garbage_data': 'Growth eight happen better. Every its take analysis. Last phone where through accept.\nExperience fact mention bank including tree according become. Trial want close indicate. Cup official life.', 'empty_field_1': '', 'empty_field_2': '', 'random_place_name': 'Lopezville'}
 'name': 'Paul Guerrero', 'email': 'susanhendricks@example.net', 'phone_number': '001-532-746-9608x079', 'garbage_data': None, 'empty_field_1': '', 'empty_field_2': '', 'random_place_name': 'Port Williammouth'}
 'name': 'Patrick Hunter', 'email': 'ramseyjames@example.net', 'phone_number': '(766)373-2877x4105', 'garbage_data': None, 'empty_field_1': '', 'empty_field_2': '', 'random_place_name': None}
 'name': 'Monica Roach', 'email': 'carmen97@example.org', 'phone_number': '797-627-6687', 'garbage_data': None, 'empty_field_1': '', 'empty_field_2': '', 'random_place_name': 'Lake Debbieview'}
 'name': 'Andrew Callahan', 'email': 'browncarrie@example.net', 'phone_number': '655-336-8629x47485', 'garbage_data': None, 'empty_field_1': '', 'empty_field_2': '', 'random_place_name': 'Hermanton'}
 'name': 'David Bush', 'email': 'johnsonadam@example.net', 'phone_number': '(456)891-3639x48135', 'garbage_data': None, 'empty_field_1': '', 'empty_field_2': '', 'random_place_name': None}
 'name': 'Anthony Mendez', 'email': 'mistyparks@example.net', 'phone_number': '001-500-536-6061x6266', 'garbage_data': 'General book son her dog. Half table information thank race media family field. Occur of seven tell site.\nSummer fall film pressure civil remember some maintain. Worker price education.', 'empty_field_1': '', 'empty_field_2': '', 'random_place_name': None}
 'name': 'Paige Yang', 'email': 'jefferyherrera@example.org', 'phone_number': '498-827-9307x935', 'garbage_data': None, 'empty_field_1': '', 'empty_field_2': '', 'random_place_name': None}
 'name': 'Daniel Brown', 'email': 'kevinmueller@example.net', 'phone_number': '(841)468-8915x10051', 'garbage_data': 'Parent smile family simply whose. Through radio clearly wall reason foreign perhaps.', 'empty_field_1': '', 'empty_field_2': '', 'random_place_name': 'South Amy'}
 'name': 'Melissa Murphy', 'email': 'fergusontony@example.com', 'phone_number': '308-344-4775', 'garbage_data': 'Argue magazine letter kid. Measure tough doctor should. Ago speech teach decade price.\nRecord use read arrive eight those. Shoulder ask must board let far. Protect pressure real eat like quality.', 'empty_field_1': '', 'empty_field_2': '', 'random_place_name': None}
 'name': 'Alexis Bell', 'email': 'briannaharrison@example.net', 'phone_number': '001-549-535-1561x11784', 'garbage_data': 'Understand analysis design know hotel quite. Board any company if win somebody.\nBar particularly structure law according real. Friend himself weight white family.', 'empty_field_1': '', 'empty_field_2': '', 'random_place_name': None}
 'name': 'Gregory Carter', 'email': 'hharris@example.org', 'phone_number': '501.513.3075x126', 'garbage_data': 'Suggest unit stage my into. Agreement serious I day care rich.', 'empty_field_1': '', 'empty_field_2': '', 'random_place_name': None}
 'name': 'Cameron Fuentes', 'email': 'phillipstimothy@example.net', 'phone_number': '001-871-810-9491x681', 'garbage_data': 'Later officer knowledge activity both idea answer. Report send animal onto week. Interview order that information remain.', 'empty_field_1': '', 'empty_field_2': '', 'random_place_name': None}
 'name': 'Cheyenne Jackson', 'email': 'christinaward@example.com', 'phone_number': '(204)370-0705x29780', 'garbage_data': 'Wide year four remain gas significant. Assume same though stock follow garden truth. Themselves matter whose dark go stop machine.', 'empty_field_1': '', 'empty_field_2': '', 'random_place_name': None}
 'name': 'Melissa Cox', 'email': 'johnsonjoseph@example.net', 'phone_number': '(297)344-7644', 'garbage_data': 'Remember cut before address bank seat live. Your arm air region maybe usually like. Bad section including exactly discover western.', 'empty_field_1': '', 'empty_field_2': '', 'random_place_name': 'Kathleenfort'}
 'name': 'Paul Campbell', 'email': 'horichard@example.net', 'phone_number': '243-241-2257x4054', 'garbage_data': None, 'empty_field_1': '', 'empty_field_2': '', 'random_place_name': 'South Ricky'}
 'name': 'Rachel Diaz', 'email': 'jenniferparker@example.com', 'phone_number': '638-325-3485', 'garbage_data': 'Investment other question along many. Practice happen star bad study. Check ten very ready very.', 'empty_field_1': '', 'empty_field_2': '', 'random_place_name': 'Williemouth'}
 'name': 'Amber Schmidt', 'email': 'morrispatricia@example.net', 'phone_number': '3644849390', 'garbage_data': 'Pick any call under hand wife deal. Think which music ahead let exist agreement.', 'empty_field_1': '', 'empty_field_2': '', 'random_place_name': None}
 'name': 'Edward Taylor', 'email': 'moorebryan@example.com', 'phone_number': '201.262.5900x2776', 'garbage_data': 'Real land increase then table mother. Plant around process culture news food better. Tax whether store simple assume blue catch.', 'empty_field_1': '', 'empty_field_2': '', 'random_place_name': 'Allenchester'}
 'name': 'Bonnie Sparks', 'email': 'brendawright@example.com', 'phone_number': '731-358-4752x7107', 'garbage_data': None, 'empty_field_1': '', 'empty_field_2': '', 'random_place_name': 'Andrewsbury'}
 'name': 'Nicole Warren', 'email': 'uwoods@example.com', 'phone_number': '+1-359-229-2334x23902', 'garbage_data': None, 'empty_field_1': '', 'empty_field_2': '', 'random_place_name': 'Jamestown'}
 'name': 'Brenda Smith', 'email': 'dsimmons@example.net', 'phone_number': '623-857-6975x65876', 'garbage_data': 'Available dark mention deep. Several night return become imagine.', 'empty_field_1': '', 'empty_field_2': '', 'random_place_name': None}
 'name': 'Susan Douglas', 'email': 'brenda32@example.net', 'phone_number': '273-761-3184', 'garbage_data': None, 'empty_field_1': '', 'empty_field_2': '', 'random_place_name': 'North Ericside'}
 'name': 'Andrew Dunn', 'email': 'melissa15@example.org', 'phone_number': '(642)237-5106', 'garbage_data': 'Bed threat ahead include true fire. Mr such way foreign account. House edge serious seven tend.', 'empty_field_1': '', 'empty_field_2': '', 'random_place_name': None}
 'name': 'Tyler Rice', 'email': 'morganhenderson@example.com', 'phone_number': '5699349985', 'garbage_data': None, 'empty_field_1': '', 'empty_field_2': '', 'random_place_name': None}
 'name': 'Sophia Price', 'email': 'hancocklee@example.org', 'phone_number': '001-693-248-5106', 'garbage_data': None, 'empty_field_1': '', 'empty_field_2': '', 'random_place_name': None}
 'name': 'Brandy Kane', 'email': 'shawamanda@example.com', 'phone_number': '223.827.9297x94411', 'garbage_data': 'Shake reason network chance store material home. Approach benefit well too rest themselves. Politics goal project goal. Say new watch customer will nature public let.', 'empty_field_1': '', 'empty_field_2': '', 'random_place_name': None}
 'name': 'Vanessa Phelps', 'email': 'fdorsey@example.net', 'phone_number': '+1-728-642-4167x99689', 'garbage_data': 'Design fight government suffer radio. Nation remain money. This factor candidate office as even stuff.\nWhatever almost could stage sound. Mind range begin institution money stuff.', 'empty_field_1': '', 'empty_field_2': '', 'random_place_name': None}
